{
  "config": {
    "seed": 42,
    "policy": "tworoom/pldm",
    "probe_ckpt": "probe.pt",
    "wm": {
      "embed_dim": 192,
      "history_size": 1
    },
    "dataset": {
      "name": "tworoom"
    },
    "env": {
      "img_size": 224
    },
    "factual": {
      "n_episodes": 200,
      "horizon": 20,
      "open_loop": true
    },
    "output": {
      "filename": "logs_eval/factual_results.json"
    }
  },
  "metrics": {
    "mean_mse_per_step": [
      1.6180931380391121,
      1.9557902302592993,
      2.1697808586061003,
      2.3011243668198587,
      2.4609323066473006,
      2.5662092582881453,
      2.58417772680521,
      2.625319273620844,
      2.6050349758565425,
      2.6037098503112794,
      2.616475062221289,
      2.6129369712620973,
      2.588849491775036,
      2.6166524168848992,
      2.6404889306426047,
      2.6922825773060324,
      2.682359774410725,
      2.6847468414902687,
      2.691953091174364,
      2.66988356128335
    ],
    "std_mse_per_step": [
      0.7906888287292446,
      0.9980195988304776,
      0.8959712699230346,
      0.8862728186892193,
      0.83918274465409,
      0.7177189264513926,
      0.6797296462644702,
      0.6853036835436076,
      0.6338528342232634,
      0.6140859935175798,
      0.624533109658362,
      0.6464949344406203,
      0.6432405009710954,
      0.6781983851742844,
      0.5907127051594115,
      0.5998349649951462,
      0.5573997769133507,
      0.5249956497547079,
      0.5233098858508262,
      0.6057171664662834
    ],
    "mean_total_mse": 2.499340035185218,
    "n_episodes": 200,
    "drift_slope": 0.03644673072709176
  },
  "elapsed_seconds": 53.350131034851074
}