{
  "config": {
    "seed": 42,
    "policy": "tworoom/lejepa",
    "probe_ckpt": "/mnt/data/szeluresearch/stable-wm/tworoom/probe.pt",
    "wm": {
      "embed_dim": 192,
      "history_size": 1
    },
    "dataset": {
      "name": "tworoom"
    },
    "env": {
      "img_size": 224
    },
    "factual": {
      "n_episodes": 200,
      "horizon": 20,
      "open_loop": true
    },
    "output": {
      "filename": "logs_eval/factual_results.json"
    }
  },
  "metrics": {
    "mean_mse_per_step": [
      1.389216542635113,
      1.5572786647826433,
      1.7577810463681818,
      1.872483067214489,
      1.9881052517145872,
      2.0850698440894484,
      2.0866959343105553,
      2.1227247351035476,
      2.1248386710882188,
      2.1423502668738363,
      2.1084705230593683,
      2.1186880174279215,
      2.0936578888073565,
      2.073183258883655,
      2.187854608595371,
      2.1629702408611773,
      2.173066483139992,
      2.1358844891190527,
      2.152449321076274,
      2.117893740683794
    ],
    "std_mse_per_step": [
      0.769421052071423,
      0.8368466181982811,
      0.7629875375273893,
      0.7395282042388851,
      0.663441362788156,
      0.5653247142654719,
      0.5311609919891173,
      0.5065570333538462,
      0.5259841026783181,
      0.47440230809640116,
      0.44988471869858165,
      0.5000626590224063,
      0.47288351440927234,
      0.5278174887098626,
      0.41719126019187375,
      0.4293561348143094,
      0.36427676374058165,
      0.38863232634748457,
      0.4148020826985128,
      0.454949789670803
    ],
    "mean_total_mse": 2.022533129791729,
    "n_episodes": 200,
    "drift_slope": 0.027141524109107057
  },
  "elapsed_seconds": 42.045018672943115
}