{
  "args": {
    "dataset": "pusht_expert_train",
    "policy": "pusht/lewm",
    "contact_thresh": 80.0,
    "cf_mode": "zero",
    "n_episodes": 50,
    "horizon": 15,
    "history_size": 1,
    "img_size": 224,
    "seed": 42,
    "output": "logs_eval/pusht_counterfactual_results.json",
    "plot": "logs_eval/pusht_counterfactual_curves.png"
  },
  "metrics": {
    "n_valid_episodes": 49,
    "n_skipped_episodes": 1,
    "horizon": 7,
    "contact_thresh": 80.0,
    "cf_mode": "zero",
    "mean_fact_mse": [
      0.0920128454739342,
      0.30930618842949675,
      0.655902657733888,
      0.9554050239373226,
      1.167651239098335,
      1.3697030945700042,
      1.5380631867720156
    ],
    "std_fact_mse": [
      0.10071141798521929,
      0.21903358618675128,
      0.3521115112149882,
      0.43184324171342653,
      0.49025521941215777,
      0.5137107349294906,
      0.464702739973236
    ],
    "mean_cf_mse": [
      0.13130520302232127,
      0.41265630368523454,
      0.8126348907850227,
      1.134426311570771,
      1.3516004468713487,
      1.5470043487694798,
      1.6950810612464438
    ],
    "std_cf_mse": [
      0.13855591368273054,
      0.2711139273836245,
      0.4031117102104332,
      0.4875346684944869,
      0.5384070917638503,
      0.5450482034868929,
      0.4866024301839559
    ],
    "mean_divergence": [
      0.0053000479903338215,
      0.0167783626004203,
      0.03604398132301867,
      0.05862782844722423,
      0.08230017046491635,
      0.10548906690650145,
      0.12447439788897731
    ],
    "std_divergence": [
      0.005585987454640708,
      0.013616456200280557,
      0.03679896437091211,
      0.05890214596703872,
      0.07344836366763377,
      0.09051029490745506,
      0.10329892256112756
    ],
    "total_mean_fact_mse": 0.8697206051449995,
    "total_mean_cf_mse": 1.0121012237072318,
    "total_mean_divergence": 0.06128769366019887,
    "final_divergence": 0.12447439788897731,
    "divergence_slope": 0.020757165980356804,
    "contact_step_mean": 33.857142857142854,
    "contact_step_std": 25.669007756118532
  },
  "elapsed_seconds": 5.331564426422119
}