{
  "args": {
    "dataset": "pusht",
    "dataset_fmt": "h5",
    "policy": "pusht/lewm",
    "n_episodes": 50,
    "horizon": 20,
    "history_size": 1,
    "img_size": 224,
    "seed": 42,
    "output": "logs_eval/pusht_factual_results.json",
    "plot": "logs_eval/pusht_factual_mse_curve.png"
  },
  "metrics": {
    "n_episodes": 50,
    "horizon": 11,
    "mean_mse_per_step": [
      0.010171345039270818,
      0.09973358416929841,
      0.2625286839902401,
      0.4963484163582325,
      0.7289006611704827,
      0.9311029702425003,
      1.147650076150894,
      1.3725200921297074,
      1.555643264055252,
      1.6631231725215911,
      1.7574203181266785
    ],
    "std_mse_per_step": [
      0.009059501309542552,
      0.08559734080120385,
      0.1743555020713264,
      0.2720066828599268,
      0.37553438819702994,
      0.4303548854058732,
      0.5088590997881883,
      0.49467949077468676,
      0.4805392913994732,
      0.47048979440558486,
      0.4723853363627554
    ],
    "mean_total_mse": 0.9113765985412862,
    "drift_slope": 0.19127490659604188
  },
  "elapsed_seconds": 4.9639692306518555
}